Method,p_value,t_stat
A2,0.006971291305552944,3.294809906128041
A3,1.0,0.0
A4,1.0,0.0
