{
  "dataset": "20221121",
  "x_0_grid_idx": 87,
  "x_0_mi": 3.515151515151515,
  "t_0_grid_idx": 3077,
  "t_0_h": 1.7096819002639256,
  "corridor_length_mi": 4.0,
  "total_time_h": 4.0,
  "speed_mph": {
    "min": 0.23836768737847003,
    "max": 63.738397409180784,
    "mean": 27.63743692889375,
    "p95": 49.7236860966744
  },
  "congested_fraction": 0.5478055555555555
}